repo,commit,finding,rule,severity,title,workflow,job,uses,ref,elevated_context
actions/checkout,f548e57e544e1ff5a4c46bf1e1b8685f8e4a348a,TG-001,unpinned-action,MEDIUM,Unpinned third-party container image: docker://bitnami/git,.github/workflows/test.yml,test,docker://bitnami/git,latest,0
actions/checkout,f548e57e544e1ff5a4c46bf1e1b8685f8e4a348a,TG-002,unpinned-action,MEDIUM,Unpinned third-party action: docker/login-action,.github/workflows/update-test-ubuntu-git.yml,build-and-push-image,docker/login-action,v4.4.0,0
actions/checkout,f548e57e544e1ff5a4c46bf1e1b8685f8e4a348a,TG-003,unpinned-action,MEDIUM,Unpinned third-party action: docker/build-push-action,.github/workflows/update-test-ubuntu-git.yml,build-and-push-image,docker/build-push-action,v7.3.0,0
django/django,a461af8ce48762d7ec602260aaff81014ddccbcb,TG-001,unpinned-action,MEDIUM,Unpinned third-party action: psf/black,.github/workflows/linters.yml,black,psf/black,stable,0
react/react,278794d7dee9cd2a3a2aaf9f0b2a4b8b747d74ee,TG-002,unpinned-action,HIGH,Unpinned third-party action: dtolnay/rust-toolchain,.github/workflows/compiler_rust_publish.yml,publish,dtolnay/rust-toolchain,stable,1
react/react,278794d7dee9cd2a3a2aaf9f0b2a4b8b747d74ee,TG-003,unpinned-action,HIGH,Unpinned third-party action: rust-lang/crates-io-auth-action,.github/workflows/compiler_rust_publish.yml,publish,rust-lang/crates-io-auth-action,v1,1
react/react,278794d7dee9cd2a3a2aaf9f0b2a4b8b747d74ee,TG-001,unpinned-action,MEDIUM,Unpinned third-party action: dtolnay/rust-toolchain,.github/workflows/compiler_rust.yml,rust,dtolnay/rust-toolchain,stable,0
react/react,278794d7dee9cd2a3a2aaf9f0b2a4b8b747d74ee,TG-004,unpinned-action,MEDIUM,Unpinned third-party action: dtolnay/rust-toolchain,.github/workflows/compiler_rust_version.yml,update_version,dtolnay/rust-toolchain,stable,0
vercel/next.js,c4608008ea9ffbcacea5e21e33f40481a7a2ef49,TG-001,overpermissioned-token,HIGH,Overpowered GitHub Actions token,.github/workflows/build_and_deploy.yml,publishRelease,,,0
vercel/next.js,c4608008ea9ffbcacea5e21e33f40481a7a2ef49,TG-002,overpermissioned-token,HIGH,Overpowered GitHub Actions token,.github/workflows/release-next-rspack.yml,release,,,0
EbookFoundation/free-programming-books,2b098c9d463966b71656a9587a9b148533a8996b,TG-001,unpinned-action,MEDIUM,Unpinned third-party action: tj-actions/changed-files,.github/workflows/check-urls.yml,get-changed-files,tj-actions/changed-files,v46,0
EbookFoundation/free-programming-books,2b098c9d463966b71656a9587a9b148533a8996b,TG-002,unpinned-action,MEDIUM,Unpinned third-party action: ruby/setup-ruby,.github/workflows/check-urls.yml,check-urls,ruby/setup-ruby,v1,0
EbookFoundation/free-programming-books,2b098c9d463966b71656a9587a9b148533a8996b,TG-003,unpinned-action,MEDIUM,Unpinned third-party action: eps1lon/actions-label-merge-conflict,.github/workflows/detect-conflicting-prs.yml,detect-prs,eps1lon/actions-label-merge-conflict,v3.1.0,0
EbookFoundation/free-programming-books,2b098c9d463966b71656a9587a9b148533a8996b,TG-004,unpinned-action,MEDIUM,Unpinned third-party action: actions-ecosystem/action-add-labels,.github/workflows/issues-pinner.yml,labeler,actions-ecosystem/action-add-labels,v1,0
EbookFoundation/free-programming-books,2b098c9d463966b71656a9587a9b148533a8996b,TG-005,unpinned-action,MEDIUM,Unpinned third-party action: actions-ecosystem/action-remove-labels,.github/workflows/issues-pinner.yml,labeler,actions-ecosystem/action-remove-labels,v1,0
EbookFoundation/free-programming-books,2b098c9d463966b71656a9587a9b148533a8996b,TG-006,unpinned-action,MEDIUM,Unpinned third-party action: tj-actions/changed-files,.github/workflows/rtl-ltr-linter.yml,lint,tj-actions/changed-files,v46,0
hashicorp/terraform-provider-aws,a4396905e19955be9d1b71f062460732f4de9874,TG-001,unpinned-action,MEDIUM,Unpinned third-party action: hashicorp/actions-set-product-version,.github/workflows/build.yml,set-product-version,hashicorp/actions-set-product-version,v2,0
hashicorp/terraform-provider-aws,a4396905e19955be9d1b71f062460732f4de9874,TG-002,unpinned-action,MEDIUM,Unpinned third-party action: hashicorp/actions-generate-metadata,.github/workflows/build.yml,generate-metadata-file,hashicorp/actions-generate-metadata,v1,0
hashicorp/terraform-provider-aws,a4396905e19955be9d1b71f062460732f4de9874,TG-003,unpinned-action,MEDIUM,Unpinned third-party action: hashicorp/actions-go-build,.github/workflows/build.yml,build,hashicorp/actions-go-build,v1,0
hashicorp/terraform-provider-aws,a4396905e19955be9d1b71f062460732f4de9874,TG-004,unpinned-action,MEDIUM,Unpinned third-party action: hashicorp/action-setup-bob,.github/workflows/provider-release.yml,release,hashicorp/action-setup-bob,v2,0
