repo,workflow,job,permission_source,requests_id_token,write_scopes,write_all,calls_reusable_workflow,action_references
actions/checkout,.github/workflows/check-dist.yml,check-dist,unspecified,0,,0,0,3
actions/checkout,.github/workflows/codeql-analysis.yml,analyze,job,0,security-events,0,0,3
actions/checkout,.github/workflows/licensed.yml,test,unspecified,0,,0,0,1
actions/checkout,.github/workflows/publish-immutable-actions.yml,publish,job,1,id-token;packages,0,0,2
actions/checkout,.github/workflows/test.yml,build,unspecified,0,,0,0,2
actions/checkout,.github/workflows/test.yml,test,unspecified,0,,0,0,2
actions/checkout,.github/workflows/test.yml,test-proxy,unspecified,0,,0,0,1
actions/checkout,.github/workflows/test.yml,test-bypass-proxy,unspecified,0,,0,0,1
actions/checkout,.github/workflows/test.yml,test-git-container,unspecified,0,,0,0,2
actions/checkout,.github/workflows/test.yml,test-output,unspecified,0,,0,0,1
actions/checkout,.github/workflows/update-main-version.yml,tag,unspecified,0,,0,0,1
actions/checkout,.github/workflows/update-test-ubuntu-git.yml,build-and-push-image,job,0,packages,0,0,3
actions/upload-artifact,.github/workflows/check-dist.yml,check-dist,unspecified,0,,0,0,3
actions/upload-artifact,.github/workflows/codeql-analysis.yml,CodeQL-Build,unspecified,0,,0,0,4
actions/upload-artifact,.github/workflows/licensed.yml,test,unspecified,0,,0,0,1
actions/upload-artifact,.github/workflows/publish-immutable-actions.yml,publish,job,1,id-token;packages,0,0,2
actions/upload-artifact,.github/workflows/release-new-action-version.yml,update_tag,workflow,0,contents,0,0,1
actions/upload-artifact,.github/workflows/test-proxy.yml,test-proxy-upload,workflow,0,,0,0,1
actions/upload-artifact,.github/workflows/test.yml,build,workflow,0,actions,0,0,8
actions/upload-artifact,.github/workflows/test.yml,upload-html-report,workflow,0,actions,0,0,2
actions/upload-artifact,.github/workflows/test.yml,merge,workflow,0,actions,0,0,3
actions/upload-artifact,.github/workflows/test.yml,cleanup,workflow,0,actions,0,0,1
pallets/flask,.github/workflows/lock.yaml,lock,job,0,discussions;issues;pull-requests,0,0,1
pallets/flask,.github/workflows/pre-commit.yaml,main,workflow,0,,0,0,4
pallets/flask,.github/workflows/publish.yaml,build,workflow,0,,0,0,4
pallets/flask,.github/workflows/publish.yaml,create-release,job,0,contents,0,0,1
pallets/flask,.github/workflows/publish.yaml,publish-pypi,job,1,id-token,0,0,2
pallets/flask,.github/workflows/tests.yaml,tests,workflow,0,,0,0,3
pallets/flask,.github/workflows/tests.yaml,typing,workflow,0,,0,0,4
pallets/flask,.github/workflows/zizmor.yaml,zizmor,workflow,0,,0,0,2
pypa/pip,.github/workflows/check-pr-template.yml,check-pr-template,job,0,,0,0,1
pypa/pip,.github/workflows/ci.yml,docs,workflow,0,,0,0,2
pypa/pip,.github/workflows/ci.yml,determine-changes,workflow,0,,0,0,1
pypa/pip,.github/workflows/ci.yml,packaging,workflow,0,,0,0,2
pypa/pip,.github/workflows/ci.yml,vendoring,workflow,0,,0,0,2
pypa/pip,.github/workflows/ci.yml,tests-unix,workflow,0,,0,0,2
pypa/pip,.github/workflows/ci.yml,tests-windows,workflow,0,,0,0,2
pypa/pip,.github/workflows/ci.yml,tests-zipapp,workflow,0,,0,0,2
pypa/pip,.github/workflows/ci.yml,check,workflow,0,,0,0,1
pypa/pip,.github/workflows/lock-threads.yml,action,workflow,0,issues;pull-requests,0,0,1
pypa/pip,.github/workflows/release.yml,build,job,0,,0,0,3
pypa/pip,.github/workflows/release.yml,publish-to-pypi,job,1,id-token,0,0,2
pypa/pip,.github/workflows/update-build-project-lock.yml,update-build-project-lock,job,0,contents;pull-requests,0,0,2
pypa/pip,.github/workflows/update-rtd-redirects.yml,update-rtd-redirects,workflow,0,,0,0,2
django/django,.github/workflows/benchmark.yml,Run_benchmarks,workflow,0,,0,0,3
django/django,.github/workflows/check-migrations.yml,check-migrations,workflow,0,,0,0,2
django/django,.github/workflows/check_commit_messages.yml,check-commit-prefix,workflow,0,,0,0,1
django/django,.github/workflows/check_commit_messages.yml,check-commit-suffix,workflow,0,,0,0,1
django/django,.github/workflows/check_pr_quality.yml,pr_quality,workflow,0,pull-requests,0,0,2
django/django,.github/workflows/coverage_comment.yml,comment,workflow,0,pull-requests,0,0,2
django/django,.github/workflows/coverage_tests.yml,coverage,workflow,0,,0,0,3
django/django,.github/workflows/docs.yml,docs,workflow,0,,0,0,2
django/django,.github/workflows/labels.yml,no_ticket,workflow,0,pull-requests,0,0,1
django/django,.github/workflows/linters.yml,flake8,workflow,0,,0,0,3
django/django,.github/workflows/linters.yml,isort,workflow,0,,0,0,3
django/django,.github/workflows/linters.yml,black,workflow,0,,0,0,2
django/django,.github/workflows/linters.yml,zizmor,workflow,0,,0,0,2
django/django,.github/workflows/linters.yml,biome,workflow,0,,0,0,2
django/django,.github/workflows/new_contributor_pr.yml,build,workflow,0,pull-requests,0,0,1
django/django,.github/workflows/playwright.yml,playwright-sqlite,workflow,0,,0,0,2
django/django,.github/workflows/playwright.yml,playwright-postgresql,workflow,0,,0,0,2
django/django,.github/workflows/postgis.yml,postgis,workflow,0,,0,0,2
django/django,.github/workflows/python_matrix.yml,define-matrix,workflow,0,,0,0,1
django/django,.github/workflows/python_matrix.yml,python,workflow,0,,0,0,2
django/django,.github/workflows/schedule_tests.yml,windows,workflow,0,,0,0,2
django/django,.github/workflows/schedule_tests.yml,pyc-only,workflow,0,,0,0,2
django/django,.github/workflows/schedule_tests.yml,javascript-tests,workflow,0,,0,0,2
django/django,.github/workflows/schedule_tests.yml,playwright-sqlite,workflow,0,,0,0,2
django/django,.github/workflows/schedule_tests.yml,playwright-postgresql,workflow,0,,0,0,2
django/django,.github/workflows/schedule_tests.yml,postgresql,workflow,0,,0,0,2
django/django,.github/workflows/schedules.yml,trigger-runs,workflow,0,actions,0,0,1
django/django,.github/workflows/screenshots.yml,playwright-screenshots,workflow,0,,0,0,4
django/django,.github/workflows/tests.yml,windows,workflow,0,,0,0,2
django/django,.github/workflows/tests.yml,ubuntu-free-threading,workflow,0,,0,0,2
django/django,.github/workflows/tests.yml,javascript-tests,workflow,0,,0,0,2
django/django,.github/workflows/tests.yml,scripts-tests,workflow,0,,0,0,2
react/react,.github/workflows/compiler_discord_notify.yml,check_access,workflow,0,,0,0,0
react/react,.github/workflows/compiler_discord_notify.yml,check_maintainer,job,0,,0,1,1
react/react,.github/workflows/compiler_discord_notify.yml,notify,workflow,0,,0,0,1
react/react,.github/workflows/compiler_playground.yml,playground,workflow,0,,0,0,5
react/react,.github/workflows/compiler_prereleases.yml,publish_prerelease,workflow,0,,0,0,3
react/react,.github/workflows/compiler_prereleases_manual.yml,publish_prerelease_experimental,workflow,0,,0,1,1
react/react,.github/workflows/compiler_prereleases_nightly.yml,publish_prerelease_experimental,workflow,0,,0,1,1
react/react,.github/workflows/compiler_rust.yml,rust,workflow,0,,0,0,5
react/react,.github/workflows/compiler_rust_publish.yml,publish,job,1,id-token,0,0,3
react/react,.github/workflows/compiler_rust_version.yml,update_version,job,0,contents;pull-requests,0,0,3
react/react,.github/workflows/compiler_typescript.yml,discover_yarn_workspaces,workflow,0,,0,0,1
react/react,.github/workflows/compiler_typescript.yml,lint,workflow,0,,0,0,3
react/react,.github/workflows/compiler_typescript.yml,jest,workflow,0,,0,0,3
react/react,.github/workflows/compiler_typescript.yml,test,workflow,0,,0,0,3
react/react,.github/workflows/devtools_cdt_mcp_publish.yml,notify_starting,workflow,0,,0,0,1
react/react,.github/workflows/devtools_cdt_mcp_publish.yml,publish,job,1,id-token,0,0,3
react/react,.github/workflows/devtools_cdt_mcp_publish.yml,notify,workflow,0,,0,0,1
react/react,.github/workflows/devtools_discord_notify.yml,check_access,workflow,0,,0,0,0
react/react,.github/workflows/devtools_discord_notify.yml,check_maintainer,job,0,,0,1,1
react/react,.github/workflows/devtools_discord_notify.yml,notify,workflow,0,,0,0,1
react/react,.github/workflows/devtools_regression_tests.yml,download_build,job,0,,0,0,4
react/react,.github/workflows/devtools_regression_tests.yml,build_devtools_and_process_artifacts,workflow,0,,0,0,7
react/react,.github/workflows/devtools_regression_tests.yml,run_devtools_tests_for_versions,workflow,0,,0,0,4
react/react,.github/workflows/devtools_regression_tests.yml,run_devtools_e2e_tests_for_versions,workflow,0,,0,0,6
react/react,.github/workflows/runtime_build_and_test.yml,runtime_node_modules_cache,workflow,0,,0,0,3
react/react,.github/workflows/runtime_build_and_test.yml,runtime_compiler_node_modules_cache,workflow,0,,0,0,3
react/react,.github/workflows/runtime_build_and_test.yml,resolve_build_weights,workflow,0,,0,0,2
react/react,.github/workflows/runtime_build_and_test.yml,discover_flow_inline_configs,workflow,0,,0,0,2
react/react,.github/workflows/runtime_build_and_test.yml,flow,workflow,0,,0,0,3
react/react,.github/workflows/runtime_build_and_test.yml,check_generated_fizz_runtime,workflow,0,,0,0,3
react/react,.github/workflows/runtime_build_and_test.yml,flags,workflow,0,,0,0,3
react/react,.github/workflows/runtime_build_and_test.yml,test,workflow,0,,0,0,3
react/react,.github/workflows/runtime_build_and_test.yml,test-linter,workflow,0,,0,0,3
react/react,.github/workflows/runtime_build_and_test.yml,build_and_lint,workflow,0,,0,0,6
react/react,.github/workflows/runtime_build_and_test.yml,test_build,workflow,0,,0,0,4
react/react,.github/workflows/runtime_build_and_test.yml,test_build_devtools,workflow,0,,0,0,4
react/react,.github/workflows/runtime_build_and_test.yml,process_artifacts_combined,job,1,attestations;id-token,0,0,8
react/react,.github/workflows/runtime_build_and_test.yml,check_error_codes,workflow,0,,0,0,4
react/react,.github/workflows/runtime_build_and_test.yml,check_release_dependencies,workflow,0,,0,0,4
react/react,.github/workflows/runtime_build_and_test.yml,RELEASE_CHANNEL_stable_yarn_test_dom_fixtures,workflow,0,,0,0,4
react/react,.github/workflows/runtime_build_and_test.yml,run_fixtures_flight_tests,workflow,0,,0,0,7
react/react,.github/workflows/runtime_build_and_test.yml,build_devtools_and_process_artifacts,workflow,0,,0,0,6
react/react,.github/workflows/runtime_build_and_test.yml,merge_devtools_artifacts,workflow,0,,0,0,1
react/react,.github/workflows/runtime_build_and_test.yml,runtime_playwright_chromium_cache,workflow,0,,0,0,4
react/react,.github/workflows/runtime_build_and_test.yml,run_devtools_e2e_tests,workflow,0,,0,0,6
react/react,.github/workflows/runtime_build_and_test.yml,run_react_devtools_cdt_mcp_e2e_tests,workflow,0,,0,0,6
react/react,.github/workflows/runtime_build_and_test.yml,sizebot,job,0,,0,0,5
react/react,.github/workflows/runtime_commit_artifacts.yml,download_artifacts,job,0,,0,0,3
react/react,.github/workflows/runtime_commit_artifacts.yml,process_artifacts,workflow,0,,0,0,6
react/react,.github/workflows/runtime_commit_artifacts.yml,commit_www_artifacts,job,0,contents,0,0,2
react/react,.github/workflows/runtime_commit_artifacts.yml,commit_fbsource_artifacts,job,0,contents,0,0,3
react/react,.github/workflows/runtime_discord_notify.yml,check_access,workflow,0,,0,0,0
react/react,.github/workflows/runtime_discord_notify.yml,check_maintainer,job,0,,0,1,1
react/react,.github/workflows/runtime_discord_notify.yml,notify,workflow,0,,0,0,1
react/react,.github/workflows/runtime_eslint_plugin_e2e.yml,test,workflow,0,,0,0,3
react/react,.github/workflows/runtime_fuzz_tests.yml,test_fuzz,workflow,0,,0,0,2
react/react,.github/workflows/runtime_release_from_ci.yml,resolve,workflow,0,,0,0,0
react/react,.github/workflows/runtime_release_from_ci.yml,notify_starting,workflow,0,,0,0,1
react/react,.github/workflows/runtime_release_from_ci.yml,publish,job,1,id-token,0,0,3
react/react,.github/workflows/runtime_release_from_ci.yml,notify,workflow,0,,0,0,1
react/react,.github/workflows/runtime_sizebot_comment.yml,comment,job,0,pull-requests,0,0,5
react/react,.github/workflows/shared_check_maintainer.yml,check_maintainer,job,0,,0,0,1
react/react,.github/workflows/shared_cleanup_merged_branch_caches.yml,cleanup,job,0,actions,0,0,0
react/react,.github/workflows/shared_cleanup_stale_branch_caches.yml,cleanup,job,0,actions,0,0,0
react/react,.github/workflows/shared_close_direct_sync_branch_prs.yml,close_pr,job,0,contents;pull-requests,0,0,1
react/react,.github/workflows/shared_label_core_team_prs.yml,check_access,workflow,0,,0,0,0
react/react,.github/workflows/shared_label_core_team_prs.yml,check_maintainer,job,0,,0,1,1
react/react,.github/workflows/shared_label_core_team_prs.yml,label,job,0,issues;pull-requests,0,0,1
react/react,.github/workflows/shared_lint.yml,prettier,workflow,0,,0,0,3
react/react,.github/workflows/shared_lint.yml,eslint,workflow,0,,0,0,3
react/react,.github/workflows/shared_lint.yml,check_license,workflow,0,,0,0,3
react/react,.github/workflows/shared_lint.yml,test_print_warnings,workflow,0,,0,0,3
react/react,.github/workflows/shared_stale.yml,stale,workflow,0,issues;pull-requests,0,0,1
vercel/next.js,.github/workflows/automated_code_review.yml,review,job,1,id-token,0,0,4
vercel/next.js,.github/workflows/build_and_deploy.yml,deploy-target,unspecified,0,,0,0,2
vercel/next.js,.github/workflows/build_and_deploy.yml,build,job,1,id-token,0,0,5
vercel/next.js,.github/workflows/build_and_deploy.yml,generate-native-matrix,unspecified,0,,0,0,1
vercel/next.js,.github/workflows/build_and_deploy.yml,build-native,job,1,id-token,0,0,9
vercel/next.js,.github/workflows/build_and_deploy.yml,build-wasm,job,1,id-token,0,0,5
vercel/next.js,.github/workflows/build_and_deploy.yml,deploy-tarball,unspecified,0,,0,0,5
vercel/next.js,.github/workflows/build_and_deploy.yml,publishRelease,job,1,contents;id-token,0,0,6
vercel/next.js,.github/workflows/build_and_deploy.yml,reportPublishFailure,job,0,,0,0,1
vercel/next.js,.github/workflows/build_and_deploy.yml,buildPassed,unspecified,0,,0,0,0
vercel/next.js,.github/workflows/build_and_deploy.yml,upload_turbopack_bytesize,unspecified,0,,0,0,2
vercel/next.js,.github/workflows/build_and_test.yml,optimize-ci,job,0,,0,0,0
vercel/next.js,.github/workflows/build_and_test.yml,changes,job,0,,0,0,1
vercel/next.js,.github/workflows/build_and_test.yml,pr-ci-metadata,job,0,,0,0,1
vercel/next.js,.github/workflows/build_and_test.yml,build-native,job,1,id-token,0,0,0
vercel/next.js,.github/workflows/build_and_test.yml,build-native-windows,job,1,id-token,0,0,0
vercel/next.js,.github/workflows/build_and_test.yml,build-next,job,1,id-token,0,0,0
vercel/next.js,.github/workflows/build_and_test.yml,fetch-test-timings,unspecified,0,,0,0,4
vercel/next.js,.github/workflows/build_and_test.yml,lint,job,1,id-token,0,0,0
vercel/next.js,.github/workflows/build_and_test.yml,validate-docs-links,unspecified,0,,0,0,2
vercel/next.js,.github/workflows/build_and_test.yml,check-types-precompiled,job,1,id-token,0,0,0
vercel/next.js,.github/workflows/build_and_test.yml,test-cargo-unit,job,1,id-token,0,0,0
vercel/next.js,.github/workflows/build_and_test.yml,test-cargo-unit-miri,unspecified,0,,0,0,0
vercel/next.js,.github/workflows/build_and_test.yml,test-bench,job,1,id-token,0,0,0
vercel/next.js,.github/workflows/build_and_test.yml,rust-check,job,1,id-token,0,0,0
vercel/next.js,.github/workflows/build_and_test.yml,rustdoc-check,job,1,id-token,0,0,0
vercel/next.js,.github/workflows/build_and_test.yml,ast-grep,unspecified,0,,0,0,2
vercel/next.js,.github/workflows/build_and_test.yml,devlow-bench,job,1,id-token,0,0,0
vercel/next.js,.github/workflows/build_and_test.yml,test-devlow,job,1,id-token,0,0,0
vercel/next.js,.github/workflows/build_and_test.yml,test-turbopack-dev,job,1,id-token,0,0,0
vercel/next.js,.github/workflows/build_and_test.yml,test-turbopack-production,job,1,id-token,0,0,0
vercel/next.js,.github/workflows/build_and_test.yml,test-rspack-dev,job,1,id-token,0,0,0
vercel/next.js,.github/workflows/build_and_test.yml,test-rspack-production,job,1,id-token,0,0,0
vercel/next.js,.github/workflows/build_and_test.yml,test-next-swc-wasm,job,1,id-token,0,0,0
vercel/next.js,.github/workflows/build_and_test.yml,test-next-napi-bindings-wasi,job,1,id-token,0,0,0
vercel/next.js,.github/workflows/build_and_test.yml,test-unit,job,1,id-token,0,0,0
vercel/next.js,.github/workflows/build_and_test.yml,test-next-config-ts-native-ts-dev,job,1,id-token,0,0,0
vercel/next.js,.github/workflows/build_and_test.yml,test-next-config-ts-native-ts-prod,job,1,id-token,0,0,0
vercel/next.js,.github/workflows/build_and_test.yml,test-unit-windows,job,1,id-token,0,0,0
vercel/next.js,.github/workflows/build_and_test.yml,test-new-tests-dev,job,1,id-token,0,0,0
vercel/next.js,.github/workflows/build_and_test.yml,test-new-tests-start,job,1,id-token,0,0,0
vercel/next.js,.github/workflows/build_and_test.yml,wait-for-preview-tarball,job,1,id-token,0,0,1
vercel/next.js,.github/workflows/build_and_test.yml,test-new-tests-deploy,job,1,id-token,0,0,0
vercel/next.js,.github/workflows/build_and_test.yml,test-new-tests-deploy-cache-components,job,1,id-token,0,0,0
vercel/next.js,.github/workflows/build_and_test.yml,test-dev,job,1,id-token,0,0,0
vercel/next.js,.github/workflows/build_and_test.yml,test-dev-windows,job,1,id-token,0,0,0
vercel/next.js,.github/workflows/build_and_test.yml,test-integration-windows,job,1,id-token,0,0,0
vercel/next.js,.github/workflows/build_and_test.yml,test-prod-windows,job,1,id-token,0,0,0
vercel/next.js,.github/workflows/build_and_test.yml,test-prod,job,1,id-token,0,0,0
vercel/next.js,.github/workflows/build_and_test.yml,test-firefox-safari,job,1,id-token,0,0,0
vercel/next.js,.github/workflows/build_and_test.yml,test-cache-components-dev,job,1,id-token,0,0,0
vercel/next.js,.github/workflows/build_and_test.yml,test-cache-components-prod,job,1,id-token,0,0,0
vercel/next.js,.github/workflows/build_and_test.yml,tests-pass,unspecified,0,,0,0,0
vercel/next.js,.github/workflows/build_reusable.yml,build,unspecified,0,,0,0,14
vercel/next.js,.github/workflows/create_release_branch.yml,start,unspecified,0,,0,0,3
vercel/next.js,.github/workflows/integration_tests_reusable.yml,build-next,job,1,id-token,0,0,0
vercel/next.js,.github/workflows/integration_tests_reusable.yml,build-native,job,1,id-token,0,0,0
vercel/next.js,.github/workflows/integration_tests_reusable.yml,generate-matrices,unspecified,0,,0,0,0
vercel/next.js,.github/workflows/integration_tests_reusable.yml,test-e2e,job,1,id-token,0,0,0
vercel/next.js,.github/workflows/integration_tests_reusable.yml,test-integration,job,1,id-token,0,0,0
vercel/next.js,.github/workflows/integration_tests_reusable.yml,collect_nextjs_development_integration_stat,job,0,pull-requests,0,0,2
vercel/next.js,.github/workflows/issue_lock.yml,action,workflow,0,issues;pull-requests,0,0,1
vercel/next.js,.github/workflows/issue_reopen.yml,handle,job,0,issues,0,0,1
vercel/next.js,.github/workflows/next-maintainer-auto-close.yml,close-one-verified-issue,job,1,id-token;issues,0,0,2
vercel/next.js,.github/workflows/pr_ci_comment.yml,comment,workflow,0,pull-requests,0,0,2
vercel/next.js,.github/workflows/pr_stack_optimizer.yml,optimize-ci,job,0,,0,0,1
vercel/next.js,.github/workflows/pull_request_auto_label.yml,label,job,0,pull-requests,0,0,1
vercel/next.js,.github/workflows/release-next-rspack.yml,build,unspecified,0,,0,1,1
vercel/next.js,.github/workflows/release-next-rspack.yml,release,job,1,contents;id-token,0,0,5
vercel/next.js,.github/workflows/retry_deploy_test.yml,retry-on-failure,workflow,0,actions,0,0,0
vercel/next.js,.github/workflows/retry_deploy_test.yml,report-failure,workflow,0,actions,0,0,1
vercel/next.js,.github/workflows/retry_test.yml,retry-on-failure,workflow,0,actions,0,0,1
vercel/next.js,.github/workflows/retry_test.yml,report-failure,workflow,0,actions,0,0,2
vercel/next.js,.github/workflows/rspack-nextjs-build-integration-tests.yml,test-dev,job,1,id-token;pull-requests,0,0,0
vercel/next.js,.github/workflows/rspack-nextjs-dev-integration-tests.yml,test-dev,job,1,id-token;pull-requests,0,0,0
vercel/next.js,.github/workflows/rspack-update-tests-manifest.yml,update_dev_manifest,unspecified,0,,0,0,3
vercel/next.js,.github/workflows/rspack-update-tests-manifest.yml,update_build_manifest,unspecified,0,,0,0,3
vercel/next.js,.github/workflows/sync_backport_canary_release.yml,evaluate,job,0,,0,0,4
vercel/next.js,.github/workflows/sync_backport_canary_release.yml,dispatch,job,0,actions,0,0,1
vercel/next.js,.github/workflows/test-turbopack-rust-bench-test.yml,test,unspecified,0,,0,0,3
vercel/next.js,.github/workflows/test_e2e_deploy_release.yml,setup,unspecified,0,,0,0,3
vercel/next.js,.github/workflows/test_e2e_deploy_release.yml,test-deploy-webpack,job,1,id-token,0,0,0
vercel/next.js,.github/workflows/test_e2e_deploy_release.yml,test-deploy-turbopack,job,1,id-token,0,0,0
vercel/next.js,.github/workflows/test_e2e_deploy_release.yml,test-deploy-adapter,job,1,id-token,0,0,0
vercel/next.js,.github/workflows/test_e2e_deploy_release.yml,report-test-results-to-datadog,unspecified,0,,0,0,2
vercel/next.js,.github/workflows/test_e2e_deploy_release.yml,upload-adapter-test-results,unspecified,0,,0,0,3
vercel/next.js,.github/workflows/test_e2e_project_reset_cron.yml,reset-test-project,unspecified,0,,0,0,2
vercel/next.js,.github/workflows/triage.yml,triage,workflow,0,issues,0,0,1
vercel/next.js,.github/workflows/trigger_release.yml,start,workflow,0,,0,0,3
vercel/next.js,.github/workflows/turbopack-benchmark.yml,benchmark-small-apps,workflow,1,id-token,0,0,3
vercel/next.js,.github/workflows/turbopack-benchmark.yml,benchmark-analyzer,workflow,1,id-token,0,0,3
vercel/next.js,.github/workflows/turbopack-benchmark.yml,benchmark-large,workflow,1,id-token,0,0,3
vercel/next.js,.github/workflows/update_fonts_data.yml,create-pull-request,unspecified,0,,0,0,3
vercel/next.js,.github/workflows/update_react.yml,create-pull-request,job,0,,0,0,3
vercel/next.js,.github/workflows/update_react_poller.yml,poll,job,0,actions,0,0,1
vercel/next.js,.github/workflows/upload_preview_tarballs.yml,upload,workflow,1,id-token,0,0,2
sindresorhus/awesome,.github/workflows/main.yml,lint,unspecified,0,,0,0,1
fastapi/fastapi,.github/workflows/add-to-project.yml,add-to-project,workflow,0,,0,0,1
fastapi/fastapi,.github/workflows/build-docs.yml,changes,job,0,,0,0,2
fastapi/fastapi,.github/workflows/build-docs.yml,langs,workflow,0,,0,0,3
fastapi/fastapi,.github/workflows/build-docs.yml,build-docs,workflow,0,,0,0,4
fastapi/fastapi,.github/workflows/build-docs.yml,docs-all-green,workflow,0,,0,0,1
fastapi/fastapi,.github/workflows/bump-pre-commit-hooks.yml,bump-pre-commit-hooks,job,1,id-token,0,0,4
fastapi/fastapi,.github/workflows/create-draft-release.yml,create-draft-release,job,0,contents,0,0,3
fastapi/fastapi,.github/workflows/deploy-docs.yml,deploy-docs,job,0,deployments;issues;pull-requests;statuses,0,0,5
fastapi/fastapi,.github/workflows/detect-conflicts.yml,main,job,0,pull-requests,0,0,1
fastapi/fastapi,.github/workflows/guard-dependencies.yml,check-author,workflow,0,issues;pull-requests,0,0,1
fastapi/fastapi,.github/workflows/issue-manager.yml,issue-manager,job,0,issues;pull-requests,0,0,1
fastapi/fastapi,.github/workflows/label-approved.yml,label-approved,job,0,pull-requests,0,0,3
fastapi/fastapi,.github/workflows/notify-translations.yml,job,job,0,discussions,0,0,4
fastapi/fastapi,.github/workflows/pre-commit.yml,pre-commit,job,1,id-token,0,0,6
fastapi/fastapi,.github/workflows/pre-commit.yml,pre-commit-alls-green,workflow,0,,0,0,1
fastapi/fastapi,.github/workflows/prepare-release.yml,prepare-release,job,1,id-token,0,0,4
fastapi/fastapi,.github/workflows/publish.yml,publish,job,1,id-token,0,0,3
fastapi/fastapi,.github/workflows/smokeshow.yml,smokeshow,job,0,statuses,0,0,4
fastapi/fastapi,.github/workflows/sponsors.yml,job,job,1,id-token,0,0,5
fastapi/fastapi,.github/workflows/test-redistribute.yml,test-redistribute,workflow,0,,0,0,2
fastapi/fastapi,.github/workflows/test-redistribute.yml,test-redistribute-alls-green,workflow,0,,0,0,1
fastapi/fastapi,.github/workflows/test.yml,changes,job,0,,0,0,2
fastapi/fastapi,.github/workflows/test.yml,test,workflow,0,,0,0,4
fastapi/fastapi,.github/workflows/test.yml,benchmark,workflow,0,,0,0,5
fastapi/fastapi,.github/workflows/test.yml,regression-test,workflow,0,,0,0,4
fastapi/fastapi,.github/workflows/test.yml,coverage-combine,workflow,0,,0,0,5
fastapi/fastapi,.github/workflows/test.yml,test-alls-green,workflow,0,,0,0,1
fastapi/fastapi,.github/workflows/topic-repos.yml,topic-repos,job,1,id-token,0,0,4
fastapi/fastapi,.github/workflows/translate.yml,langs,workflow,0,,0,0,3
fastapi/fastapi,.github/workflows/translate.yml,translate,job,1,id-token,0,0,6
fastapi/fastapi,.github/workflows/zizmor.yml,zizmor,job,0,security-events,0,0,2
fastapi/typer,.github/workflows/add-to-project.yml,add-to-project,workflow,0,,0,0,1
fastapi/typer,.github/workflows/build-docs.yml,changes,job,0,,0,0,2
fastapi/typer,.github/workflows/build-docs.yml,build-docs,workflow,0,,0,0,4
fastapi/typer,.github/workflows/build-docs.yml,docs-all-green,workflow,0,,0,0,1
fastapi/typer,.github/workflows/bump-pre-commit-hooks.yml,bump-pre-commit-hooks,job,1,id-token,0,0,4
fastapi/typer,.github/workflows/conflict.yml,main,job,0,pull-requests,0,0,1
fastapi/typer,.github/workflows/create-draft-release.yml,create-draft-release,job,0,contents,0,0,3
fastapi/typer,.github/workflows/deploy-docs.yml,deploy-docs,job,0,deployments;issues;pull-requests;statuses,0,0,5
fastapi/typer,.github/workflows/guard-dependencies.yml,check-author,workflow,0,issues;pull-requests,0,0,1
fastapi/typer,.github/workflows/issue-manager.yml,issue-manager,job,0,issues;pull-requests,0,0,1
fastapi/typer,.github/workflows/pre-commit.yml,pre-commit,job,1,id-token,0,0,6
fastapi/typer,.github/workflows/pre-commit.yml,pre-commit-alls-green,workflow,0,,0,0,1
fastapi/typer,.github/workflows/prepare-release.yml,prepare-release,job,1,id-token,0,0,4
fastapi/typer,.github/workflows/publish.yml,publish,job,1,id-token,0,0,3
fastapi/typer,.github/workflows/smokeshow.yml,smokeshow,job,0,statuses,0,0,4
fastapi/typer,.github/workflows/test-cpython-nightly.yml,test-latest-python,workflow,0,,0,0,4
fastapi/typer,.github/workflows/test-redistribute.yml,test-redistribute,workflow,0,,0,0,2
fastapi/typer,.github/workflows/test-redistribute.yml,test-redistribute-alls-green,workflow,0,,0,0,1
fastapi/typer,.github/workflows/test.yml,test,workflow,0,,0,0,4
fastapi/typer,.github/workflows/test.yml,coverage-combine,workflow,0,,0,0,5
fastapi/typer,.github/workflows/test.yml,check,workflow,0,,0,0,1
fastapi/typer,.github/workflows/zizmor.yml,zizmor,job,0,security-events,0,0,2
EbookFoundation/free-programming-books,.github/workflows/check-urls.yml,get-changed-files,workflow,0,,0,0,2
EbookFoundation/free-programming-books,.github/workflows/check-urls.yml,check-urls,workflow,0,,0,0,3
EbookFoundation/free-programming-books,.github/workflows/check-urls.yml,reporter,workflow,0,,0,0,2
EbookFoundation/free-programming-books,.github/workflows/comment-pr.yml,upload,job,0,pull-requests,0,0,1
EbookFoundation/free-programming-books,.github/workflows/detect-conflicting-prs.yml,detect-prs,workflow,0,pull-requests,0,0,1
EbookFoundation/free-programming-books,.github/workflows/fpb-lint.yml,build,workflow,0,,0,0,3
EbookFoundation/free-programming-books,.github/workflows/issues-pinner.yml,labeler,workflow,0,issues,0,0,2
EbookFoundation/free-programming-books,.github/workflows/rtl-ltr-linter.yml,lint,workflow,0,,0,0,4
EbookFoundation/free-programming-books,.github/workflows/stale.yml,stale,workflow,0,actions;issues;pull-requests,0,0,1
hashicorp/terraform-provider-aws,.github/workflows/acctest-terraform-embedded-lint.yml,tflint-opa-policy-tests,workflow,0,,0,0,0
hashicorp/terraform-provider-aws,.github/workflows/acctest-terraform-embedded-lint.yml,terrafmt,workflow,0,,0,0,1
hashicorp/terraform-provider-aws,.github/workflows/acctest-terraform-embedded-lint.yml,tflint,workflow,0,,0,0,2
hashicorp/terraform-provider-aws,.github/workflows/acctest-terraform-lint.yml,tflint-opa-policy-tests,workflow,0,,0,0,0
hashicorp/terraform-provider-aws,.github/workflows/acctest-terraform-lint.yml,terrafmt,workflow,0,,0,0,2
hashicorp/terraform-provider-aws,.github/workflows/acctest-terraform-lint.yml,tflint,workflow,0,,0,0,2
hashicorp/terraform-provider-aws,.github/workflows/build.yml,get-go-version,workflow,0,,0,0,2
hashicorp/terraform-provider-aws,.github/workflows/build.yml,set-product-version,workflow,0,,0,0,1
hashicorp/terraform-provider-aws,.github/workflows/build.yml,generate-metadata-file,workflow,0,,0,0,3
hashicorp/terraform-provider-aws,.github/workflows/build.yml,upload-terraform-registry-manifest-artifact,workflow,0,,0,0,2
hashicorp/terraform-provider-aws,.github/workflows/build.yml,build,workflow,0,,0,0,2
hashicorp/terraform-provider-aws,.github/workflows/build.yml,whats-next,workflow,0,,0,0,0
hashicorp/terraform-provider-aws,.github/workflows/changelog_misspell.yml,misspell,workflow,0,,0,0,1
hashicorp/terraform-provider-aws,.github/workflows/close_stale_draft_prs.yml,close-stale-drafts,workflow,0,pull-requests,0,0,0
hashicorp/terraform-provider-aws,.github/workflows/closed_items.yml,process,workflow,0,issues;pull-requests,0,0,1
hashicorp/terraform-provider-aws,.github/workflows/comments.yml,comment,workflow,0,issues;pull-requests,0,0,2
hashicorp/terraform-provider-aws,.github/workflows/community_note.yml,add_note,workflow,0,issues;pull-requests,0,0,0
hashicorp/terraform-provider-aws,.github/workflows/copyright.yml,copyplop,workflow,0,,0,0,2
hashicorp/terraform-provider-aws,.github/workflows/crt-post-promote-production.yml,dispatch,workflow,0,actions,0,0,0
hashicorp/terraform-provider-aws,.github/workflows/crt-post-promote-production.yml,notify-failure,workflow,0,actions,0,0,1
hashicorp/terraform-provider-aws,.github/workflows/dependencies.yml,checks,job,0,,0,0,4
hashicorp/terraform-provider-aws,.github/workflows/documentation.yml,markdown-link-check,workflow,0,,0,0,2
hashicorp/terraform-provider-aws,.github/workflows/documentation.yml,markdown-lint,workflow,0,,0,0,2
hashicorp/terraform-provider-aws,.github/workflows/documentation.yml,misspell,workflow,0,,0,0,1
hashicorp/terraform-provider-aws,.github/workflows/examples.yml,tflint-opa-policy-tests,workflow,0,,0,0,0
hashicorp/terraform-provider-aws,.github/workflows/examples.yml,tflint,workflow,0,,0,0,2
hashicorp/terraform-provider-aws,.github/workflows/examples.yml,validate-terraform,workflow,0,,0,0,4
hashicorp/terraform-provider-aws,.github/workflows/firewatch.yml,FirewatchJob,workflow,0,,0,0,2
hashicorp/terraform-provider-aws,.github/workflows/gen-teamcity.yml,validate-teamcity-config,workflow,0,,0,0,2
hashicorp/terraform-provider-aws,.github/workflows/generate_changelog.yml,GenerateChangelog,workflow,0,,0,0,2
hashicorp/terraform-provider-aws,.github/workflows/golangci-lint.yml,golangci-linta,workflow,0,,0,0,3
hashicorp/terraform-provider-aws,.github/workflows/golangci-lint.yml,golangci-lintb,workflow,0,,0,0,3
hashicorp/terraform-provider-aws,.github/workflows/golangci-lint.yml,golangci-lintc,workflow,0,,0,0,3
hashicorp/terraform-provider-aws,.github/workflows/golangci-lint.yml,golangci-lintd,workflow,0,,0,0,3
hashicorp/terraform-provider-aws,.github/workflows/golangci-lint.yml,golangci-linte,workflow,0,,0,0,3
hashicorp/terraform-provider-aws,.github/workflows/lock.yml,lock,workflow,0,issues;pull-requests,0,0,1
hashicorp/terraform-provider-aws,.github/workflows/maintainer_helpers.yml,workboard,workflow,0,issues;pull-requests,0,0,2
hashicorp/terraform-provider-aws,.github/workflows/maintainer_helpers.yml,slack,job,0,,0,0,8
hashicorp/terraform-provider-aws,.github/workflows/makefile-lint.yml,makefile-lint,workflow,0,,0,0,2
hashicorp/terraform-provider-aws,.github/workflows/milestone.yml,Comment,workflow,0,issues;pull-requests,0,0,1
hashicorp/terraform-provider-aws,.github/workflows/milestone.yml,archive_and_unlabel,workflow,0,issues;pull-requests,0,0,1
hashicorp/terraform-provider-aws,.github/workflows/mkdocs.yml,build,workflow,0,contents,0,0,2
hashicorp/terraform-provider-aws,.github/workflows/modern_go.yml,modern,workflow,0,,0,0,4
hashicorp/terraform-provider-aws,.github/workflows/naming.yml,test_naming,workflow,0,,0,0,1
hashicorp/terraform-provider-aws,.github/workflows/post-publish.yml,tidy-jira,workflow,0,,0,0,1
hashicorp/terraform-provider-aws,.github/workflows/pr-test-trigger.yml,trigger,workflow,0,pull-requests,0,0,2
hashicorp/terraform-provider-aws,.github/workflows/provider-release.yml,release,workflow,0,,0,0,1
hashicorp/terraform-provider-aws,.github/workflows/provider.yml,go_mod_download,workflow,0,,0,0,3
hashicorp/terraform-provider-aws,.github/workflows/provider.yml,tools_cache,workflow,0,,0,0,4
hashicorp/terraform-provider-aws,.github/workflows/provider.yml,go_build,workflow,0,,0,0,5
hashicorp/terraform-provider-aws,.github/workflows/provider.yml,go_generate,workflow,0,,0,0,4
hashicorp/terraform-provider-aws,.github/workflows/provider.yml,terraform_fmt,workflow,0,,0,0,2
hashicorp/terraform-provider-aws,.github/workflows/provider.yml,go_test,workflow,0,,0,0,5
hashicorp/terraform-provider-aws,.github/workflows/provider.yml,import-lint,workflow,0,,0,0,4
hashicorp/terraform-provider-aws,.github/workflows/provider.yml,validate_sweepers_unlinked,workflow,0,,0,0,5
hashicorp/terraform-provider-aws,.github/workflows/provider.yml,cache-info,workflow,0,,0,0,3
hashicorp/terraform-provider-aws,.github/workflows/provider.yml,markdown-lint,workflow,0,,0,0,2
hashicorp/terraform-provider-aws,.github/workflows/provider.yml,misspell,workflow,0,,0,0,3
hashicorp/terraform-provider-aws,.github/workflows/providerlint.yml,providerlint,workflow,0,,0,0,4
hashicorp/terraform-provider-aws,.github/workflows/pull_request_review.yml,approved,workflow,0,,0,0,2
hashicorp/terraform-provider-aws,.github/workflows/pull_request_target.yml,checks,workflow,0,,0,0,4
hashicorp/terraform-provider-aws,.github/workflows/readiness_comment.yml,comment,workflow,0,pull-requests,0,0,5
hashicorp/terraform-provider-aws,.github/workflows/registry-check.yml,registry-check,workflow,0,,0,0,2
hashicorp/terraform-provider-aws,.github/workflows/registry-check.yml,init-check,workflow,0,,0,0,3
hashicorp/terraform-provider-aws,.github/workflows/resource-counts.yml,coverage,workflow,0,contents;pull-requests,0,0,4
hashicorp/terraform-provider-aws,.github/workflows/semgrep-ci.yml,semgrep-validate,workflow,0,,0,0,1
hashicorp/terraform-provider-aws,.github/workflows/semgrep-ci.yml,semgrep-test,workflow,0,,0,0,1
hashicorp/terraform-provider-aws,.github/workflows/semgrep-ci.yml,constants,workflow,0,,0,0,1
hashicorp/terraform-provider-aws,.github/workflows/semgrep-ci.yml,semgrep,workflow,0,,0,0,1
hashicorp/terraform-provider-aws,.github/workflows/semgrep-ci.yml,naming_cae,workflow,0,,0,0,1
hashicorp/terraform-provider-aws,.github/workflows/semgrep-ci.yml,naming_tests,workflow,0,,0,0,1
hashicorp/terraform-provider-aws,.github/workflows/semgrep-ci.yml,naming_semgrep0,workflow,0,,0,0,1
hashicorp/terraform-provider-aws,.github/workflows/semgrep-ci.yml,naming_semgrep1,workflow,0,,0,0,1
hashicorp/terraform-provider-aws,.github/workflows/semgrep-ci.yml,naming_semgrep2,workflow,0,,0,0,1
hashicorp/terraform-provider-aws,.github/workflows/semgrep-ci.yml,naming_semgrep3,workflow,0,,0,0,1
hashicorp/terraform-provider-aws,.github/workflows/shellcheck.yml,shellcheck,workflow,0,,0,0,1
hashicorp/terraform-provider-aws,.github/workflows/skaff.yml,compile_skaff,workflow,0,,0,0,4
hashicorp/terraform-provider-aws,.github/workflows/smarterr.yml,modern,workflow,0,,0,0,5
hashicorp/terraform-provider-aws,.github/workflows/stale.yml,stale,workflow,0,issues;pull-requests,0,0,1
hashicorp/terraform-provider-aws,.github/workflows/swissshepherd.yml,swissshepherd,workflow,0,,0,0,2
hashicorp/terraform-provider-aws,.github/workflows/tflint-opa-policy-tests.yml,opa-tests,workflow,0,,0,0,2
hashicorp/terraform-provider-aws,.github/workflows/triage.yml,labelers,workflow,0,issues;pull-requests,0,0,6
hashicorp/terraform-provider-aws,.github/workflows/update-changelog.yml,update-changelog,workflow,0,contents;pull-requests,0,0,1
hashicorp/terraform-provider-aws,.github/workflows/update-list-tracking.yml,update-issue,workflow,0,issues,0,0,1
hashicorp/terraform-provider-aws,.github/workflows/website.yml,tflint-opa-policy-tests,workflow,0,,0,0,0
hashicorp/terraform-provider-aws,.github/workflows/website.yml,markdown-link-check-a-h-markdown,workflow,0,,0,0,2
hashicorp/terraform-provider-aws,.github/workflows/website.yml,markdown-link-check-i-z-markdown,workflow,0,,0,0,2
hashicorp/terraform-provider-aws,.github/workflows/website.yml,markdown-link-check-md,workflow,0,,0,0,2
hashicorp/terraform-provider-aws,.github/workflows/website.yml,markdown-lint,workflow,0,,0,0,2
hashicorp/terraform-provider-aws,.github/workflows/website.yml,misspell,workflow,0,,0,0,1
hashicorp/terraform-provider-aws,.github/workflows/website.yml,terrafmt,workflow,0,,0,0,1
hashicorp/terraform-provider-aws,.github/workflows/website.yml,tflint,workflow,0,,0,0,2
hashicorp/terraform-provider-aws,.github/workflows/workflow-lint.yml,actionlint,workflow,0,,0,0,1
hashicorp/terraform-provider-aws,.github/workflows/yamllint.yml,yamllint,workflow,0,,0,0,2
